pdb_chain,pdb_id,chain,n_residues,success,error
6p5a_B,6p5a,B,118,True,
6vme_E,6vme,E,102,True,
9och_D,9och,D,35,True,
8v14_A,8v14,A,167,True,
2yzq_A,2yzq,A,224,True,
3nyw_A,3nyw,A,224,True,
1npy_A,1npy,A,269,True,
6zxd_z,6zxd,z,292,True,
7y9x_B,7y9x,B,734,True,
8w75_A,8w75,A,404,True,
3es5_A,3es5,A,379,True,
5ta6_A,5ta6,A,294,True,
3hqt_A,3hqt,A,385,True,
4fye_A,4fye,A,725,True,
9upa_B,9upa,B,353,True,
9lvk_E,9lvk,E,304,True,
1eg2_A,1eg2,A,270,True,
8uti_z,8uti,z,0,False,PDB file not found: data/selected_structures/pdb8uti.ent
4us5_A,4us5,A,323,True,
9sob_4,9sob,4,0,False,PDB file not found: data/selected_structures/pdb9sob.ent
9sob_O,9sob,O,0,False,PDB file not found: data/selected_structures/pdb9sob.ent
6yt5_G,6yt5,G,198,True,
9dou_A,9dou,A,924,True,
8u5y_B,8u5y,B,0,False,PDB file not found: data/selected_structures/pdb8u5y.ent
7eby_A,7eby,A,761,True,
7e8s_J,7e8s,J,872,True,
9hnw_A,9hnw,A,406,True,
5mtz_A,5mtz,A,750,True,
7bm8_A,7bm8,A,180,True,
2nsf_A,2nsf,A,240,True,
3pjs_K,3pjs,K,139,True,
4iqi_B,4iqi,B,255,True,
7jil_V,7jil,V,0,False,PDB file not found: data/selected_structures/pdb7jil.ent
8s05_C,8s05,C,27,True,
1yux_A,1yux,A,200,True,
3npg_A,3npg,A,241,True,
5jef_A,5jef,A,219,True,
3h0d_A,3h0d,A,147,True,
2yeq_A,2yeq,A,522,True,
6kod_D,6kod,D,441,True,
8xat_A,8xat,A,187,True,
7bzc_A,7bzc,A,535,True,
3mzk_B,3mzk,B,385,True,
4h7u_A,4h7u,A,577,True,
8wy1_A,8wy1,A,574,True,
6fq3_A,6fq3,A,390,True,
9b6c_A,9b6c,A,516,True,
6dbi_D,6dbi,D,351,True,
1y9a_A,1y9a,A,359,True,
3euj_A,3euj,A,437,True,
5msx_A,5msx,A,439,True,
4i14_A,4i14,A,325,True,
8bxg_A,8bxg,A,547,True,
3n05_A,3n05,A,568,True,
8wa0_J,8wa0,J,0,False,PDB file not found: data/selected_structures/pdb8wa0.ent
5ecu_A,5ecu,A,350,True,
9gvk_E,9gvk,E,411,True,
5z6p_A,5z6p,A,702,True,
7cuh_A,7cuh,A,305,True,
7y8r_L,7y8r,L,521,True,
8iyl_H,8iyl,H,0,False,PDB file not found: data/selected_structures/pdb8iyl.ent
6zu9_q,6zu9,q,636,True,
8xfb_A,8xfb,A,314,True,
9h73_B,9h73,B,0,False,PDB file not found: data/selected_structures/pdb9h73.ent
6r4l_A,6r4l,A,1096,True,
7w5b_V,7w5b,V,0,False,PDB file not found: data/selected_structures/pdb7w5b.ent
7wui_R,7wui,R,245,True,
8bpo_s2,8bpo,s2,0,False,PDB file not found: data/selected_structures/pdb8bpo.ent
8xft_C,8xft,C,173,True,
3n0r_A,3n0r,A,255,True,
1kyq_C,1kyq,C,256,True,
6skg_Bp,6skg,Bp,0,False,PDB file not found: data/selected_structures/pdb6skg.ent
3a42_A,3a42,A,282,True,
4c16_A,4c16,A,280,True,
4hg0_A,4hg0,A,221,True,
3prb_A,3prb,A,223,True,
7bhq_A,7bhq,A,201,True,
4q2w_A,4q2w,A,258,True,
3mpx_A,3mpx,A,295,True,
3nzq_A,3nzq,A,628,True,
5y7g_A,5y7g,A,542,True,
3qq5_A,3qq5,A,384,True,
6e5u_C,6e5u,C,339,True,
8q61_A,8q61,A,384,True,
4qt8_B,4qt8,B,629,True,
8em2_A,8em2,A,502,True,
5n1t_A,5n1t,A,392,True,
5vsu_A,5vsu,A,387,True,
6ahd_J,6ahd,J,0,False,PDB file not found: data/selected_structures/pdb6ahd.ent
4v2x_A,4v2x,A,534,True,
3d45_A,3d45,A,383,True,
6ef3_H,6ef3,H,380,True,
4yzw_A,4yzw,A,678,True,
9ynw_D,9ynw,D,0,False,PDB file not found: data/selected_structures/pdb9ynw.ent
9kbf_C,9kbf,C,407,True,
8p53_C,8p53,C,378,True,
8ftk_A,8ftk,A,1584,True,
5anc_K,5anc,K,1120,True,
8r7l_B,8r7l,B,850,True,
8h3v_B,8h3v,B,1217,True,
7wrg_A,7wrg,A,812,True,
5o7x_M,5o7x,M,598,True,
9bcl_B,9bcl,B,425,True,
9np6_A,9np6,A,882,True,
6xja_P,6xja,P,1286,True,
7dlu_A,7dlu,A,260,True,
3go5_A,3go5,A,277,True,
8os5_A,8os5,A,260,True,
4jcv_A,4jcv,A,196,True,
6zxj_D,6zxj,D,527,True,
3l4g_O,3l4g,O,309,True,
9c49_A,9c49,A,293,True,
3af5_A,3af5,A,638,True,
5mg3_D,5mg3,D,414,True,
5mx0_A,5mx0,A,304,True,
6pa7_N,6pa7,N,211,True,
3a21_A,3a21,A,614,True,
4c2e_A,4c2e,A,435,True,
5mv8_A,5mv8,A,479,True,
6f44_O,6f44,O,534,True,
4fcy_A,4fcy,A,443,True,
2zj2_A,2zj2,A,653,True,
6t58_A,6t58,A,524,True,
1tuo_A,1tuo,A,437,True,
2au3_A,2au3,A,403,True,
6v4x_H,6v4x,H,499,True,
5iv5_A,5iv5,A,0,False,PDB file not found: data/selected_structures/pdb5iv5.ent
8ide_A,8ide,A,929,True,
7fsf_A,7fsf,A,1102,True,
7yq8_A,7yq8,A,730,True,
8a40_A,8a40,A,1427,True,
7ux1_F,7ux1,F,713,True,
4gnk_B,4gnk,B,769,True,
9n72_NH,9n72,NH,0,False,PDB file not found: data/selected_structures/pdb9n72.ent
7mjr_A,7mjr,A,899,True,
5n0b_A,5n0b,A,1280,True,
